,Product_ID,Product_Name,Tags
0,1,Dress,Adidas Men'sFashion Black
1,2,Shoes,H&M Women'sFashion Black
2,3,Dress,Adidas Women'sFashion Yellow
3,4,Shoes,Zara Men'sFashion White
4,5,T-shirt,Adidas Men'sFashion Black
5,6,Dress,Adidas Men'sFashion Yellow
6,7,Jeans,Gucci Men'sFashion White
7,8,Sweater,Zara Kids'Fashion Blue
8,9,Sweater,H&M Men'sFashion Green
9,10,T-shirt,Zara Kids'Fashion White
10,11,T-shirt,Adidas Men'sFashion Red
11,12,Sweater,Gucci Kids'Fashion Yellow
12,13,Jeans,Nike Kids'Fashion Red
13,14,Dress,Zara Women'sFashion White
14,15,Shoes,Zara Men'sFashion Yellow
15,16,Dress,Adidas Women'sFashion Blue
16,17,Dress,Gucci Women'sFashion Blue
17,18,Jeans,Gucci Women'sFashion Red
18,19,Shoes,Gucci Women'sFashion White
19,20,Dress,Gucci Men'sFashion Green
20,21,Jeans,H&M Men'sFashion Yellow
21,22,Jeans,Gucci Women'sFashion Green
22,23,Jeans,Zara Kids'Fashion Yellow
23,24,Jeans,Zara Women'sFashion Yellow
24,25,Sweater,H&M Kids'Fashion Green
25,26,Dress,Gucci Women'sFashion Green
26,27,T-shirt,Adidas Kids'Fashion Red
27,28,Shoes,Zara Women'sFashion Yellow
28,29,Shoes,Gucci Women'sFashion Yellow
29,30,Sweater,Nike Kids'Fashion Green
30,31,Jeans,H&M Kids'Fashion Blue
31,32,T-shirt,Nike Kids'Fashion White
32,33,Jeans,H&M Kids'Fashion Green
33,34,Jeans,H&M Men'sFashion Black
34,35,Jeans,Zara Women'sFashion Blue
35,36,Dress,H&M Kids'Fashion Green
36,37,Sweater,Zara Kids'Fashion Blue
37,38,T-shirt,Nike Kids'Fashion Yellow
38,39,Jeans,Adidas Men'sFashion Yellow
39,40,Dress,Zara Women'sFashion Black
40,41,Jeans,Gucci Women'sFashion Blue
41,42,Shoes,Zara Kids'Fashion Red
42,43,T-shirt,Adidas Men'sFashion White
43,44,Jeans,Nike Kids'Fashion White
44,45,Jeans,Gucci Women'sFashion Red
45,46,Dress,Zara Men'sFashion Yellow
46,47,Jeans,Zara Men'sFashion Green
47,48,T-shirt,Gucci Kids'Fashion Green
48,49,Sweater,Gucci Kids'Fashion Green
49,50,T-shirt,H&M Women'sFashion Blue
50,51,Jeans,Adidas Women'sFashion Yellow
51,52,Dress,Nike Kids'Fashion Red
52,53,T-shirt,Nike Men'sFashion Red
53,54,Shoes,H&M Men'sFashion Blue
54,55,Sweater,Adidas Kids'Fashion Red
55,56,Dress,Nike Women'sFashion White
56,57,Sweater,Adidas Women'sFashion Red
57,58,Shoes,Adidas Women'sFashion White
58,59,Dress,Nike Kids'Fashion Blue
59,60,Shoes,H&M Kids'Fashion Yellow
60,61,Shoes,Adidas Women'sFashion Yellow
61,62,T-shirt,Nike Men'sFashion Blue
62,63,Jeans,Zara Kids'Fashion White
63,64,Shoes,Gucci Kids'Fashion Red
64,65,Shoes,H&M Kids'Fashion Yellow
65,66,Sweater,H&M Kids'Fashion Red
66,67,Jeans,Gucci Women'sFashion Green
67,68,T-shirt,Gucci Women'sFashion Red
68,69,Sweater,Gucci Women'sFashion Yellow
69,70,Dress,Gucci Women'sFashion Yellow
70,71,Sweater,Adidas Women'sFashion White
71,72,T-shirt,H&M Women'sFashion Yellow
72,73,T-shirt,Gucci Men'sFashion Red
73,74,Dress,Zara Women'sFashion White
74,75,Dress,H&M Women'sFashion Blue
75,76,Jeans,Adidas Women'sFashion Black
76,77,Sweater,H&M Kids'Fashion Blue
77,78,T-shirt,Nike Men'sFashion White
78,79,T-shirt,Nike Men'sFashion Red
79,80,Jeans,Nike Kids'Fashion Red
80,81,T-shirt,Nike Women'sFashion Green
81,82,Dress,H&M Kids'Fashion Blue
82,83,Shoes,Nike Women'sFashion Blue
83,84,Sweater,Adidas Women'sFashion Red
84,85,Shoes,Nike Women'sFashion Yellow
85,86,Sweater,Zara Men'sFashion Yellow
86,87,Shoes,Nike Men'sFashion Red
87,88,Dress,Nike Kids'Fashion White
88,89,Dress,Gucci Men'sFashion White
89,90,Jeans,H&M Men'sFashion Red
90,91,Jeans,H&M Kids'Fashion Green
91,92,Jeans,Adidas Men'sFashion White
92,93,Shoes,Nike Men'sFashion White
93,94,Shoes,Zara Women'sFashion Yellow
94,95,Shoes,Gucci Women'sFashion Blue
95,96,Dress,Gucci Women'sFashion Red
96,97,Jeans,Gucci Men'sFashion Green
97,98,Sweater,Gucci Kids'Fashion Black
98,99,Shoes,Nike Kids'Fashion Yellow
99,100,Shoes,Adidas Kids'Fashion Red
100,101,Jeans,Zara Women'sFashion Green
101,102,Sweater,Gucci Kids'Fashion Red
102,103,Jeans,Zara Women'sFashion White
103,104,Jeans,H&M Men'sFashion White
104,105,Jeans,Zara Women'sFashion Yellow
105,106,Jeans,H&M Kids'Fashion Red
106,107,Sweater,Zara Men'sFashion Red
107,108,Sweater,Gucci Men'sFashion Green
108,109,Jeans,Nike Kids'Fashion Black
109,110,Sweater,Gucci Women'sFashion Blue
110,111,Shoes,Zara Women'sFashion Green
111,112,Jeans,Adidas Men'sFashion White
112,113,T-shirt,Zara Men'sFashion White
113,114,Shoes,H&M Men'sFashion Red
114,115,Dress,Adidas Kids'Fashion Blue
115,116,Shoes,Adidas Women'sFashion Green
116,117,Dress,Zara Kids'Fashion White
117,118,Dress,Adidas Men'sFashion Yellow
118,119,Jeans,Nike Men'sFashion Yellow
119,120,T-shirt,H&M Men'sFashion Green
120,121,T-shirt,Gucci Men'sFashion Red
121,122,Sweater,H&M Women'sFashion Blue
122,123,Sweater,Nike Women'sFashion Yellow
123,124,Sweater,H&M Men'sFashion Black
124,125,Sweater,H&M Kids'Fashion Green
125,126,T-shirt,Nike Kids'Fashion Green
126,127,Shoes,Zara Women'sFashion Yellow
127,128,T-shirt,H&M Women'sFashion Green
128,129,T-shirt,Zara Women'sFashion Yellow
129,130,Shoes,Nike Women'sFashion Green
130,131,T-shirt,H&M Men'sFashion Blue
131,132,Sweater,Adidas Women'sFashion White
132,133,Shoes,H&M Kids'Fashion Blue
133,134,Sweater,Zara Women'sFashion Yellow
134,135,Dress,Adidas Kids'Fashion Blue
135,136,Shoes,Zara Men'sFashion Blue
136,137,Dress,Gucci Kids'Fashion Green
137,138,Dress,H&M Women'sFashion Yellow
138,139,Sweater,Gucci Women'sFashion Blue
139,140,Shoes,Zara Kids'Fashion Green
140,141,Jeans,Nike Women'sFashion Yellow
141,142,Shoes,Nike Men'sFashion White
142,143,Shoes,Gucci Women'sFashion White
143,144,Shoes,Adidas Kids'Fashion Blue
144,145,T-shirt,Zara Kids'Fashion Green
145,146,Shoes,Adidas Women'sFashion Yellow
146,147,Shoes,Gucci Kids'Fashion Green
147,148,Shoes,Adidas Women'sFashion Black
148,149,Jeans,Adidas Women'sFashion Green
149,150,T-shirt,Nike Women'sFashion Green
150,151,Shoes,Adidas Men'sFashion Blue
151,152,Jeans,Nike Men'sFashion Green
152,153,Shoes,Nike Kids'Fashion Black
153,154,Dress,Zara Men'sFashion Blue
154,155,T-shirt,Gucci Women'sFashion White
155,156,T-shirt,Adidas Women'sFashion Red
156,157,Dress,Adidas Women'sFashion Yellow
157,158,Shoes,Adidas Men'sFashion Blue
158,159,Jeans,Nike Kids'Fashion Green
159,160,Shoes,Gucci Women'sFashion Black
160,161,Sweater,Adidas Women'sFashion Blue
161,162,T-shirt,Nike Women'sFashion Red
162,163,Dress,Nike Women'sFashion Green
163,164,T-shirt,Nike Men'sFashion Red
164,165,Jeans,Gucci Women'sFashion White
165,166,Sweater,Adidas Kids'Fashion White
166,167,Shoes,Zara Kids'Fashion Blue
167,168,Sweater,Gucci Women'sFashion Green
168,169,Shoes,Zara Men'sFashion Black
169,170,Sweater,Gucci Men'sFashion Yellow
170,171,Jeans,Nike Men'sFashion Blue
171,172,Jeans,Zara Women'sFashion Yellow
172,173,Dress,Nike Kids'Fashion Yellow
173,174,Jeans,Adidas Kids'Fashion Black
174,175,Dress,Adidas Men'sFashion Blue
175,176,Dress,H&M Kids'Fashion Red
176,177,Sweater,Nike Kids'Fashion Yellow
177,178,Jeans,Nike Women'sFashion Red
178,179,Shoes,Adidas Kids'Fashion Blue
179,180,T-shirt,Zara Kids'Fashion Green
180,181,Shoes,H&M Kids'Fashion Black
181,182,Jeans,Zara Men'sFashion Yellow
182,183,Jeans,Zara Kids'Fashion Black
183,184,Sweater,Zara Women'sFashion Green
184,185,Sweater,Gucci Men'sFashion Yellow
185,186,Jeans,Adidas Men'sFashion Blue
186,187,Jeans,Zara Women'sFashion Green
187,188,Shoes,Nike Men'sFashion Green
188,189,Jeans,Adidas Women'sFashion Blue
189,190,Sweater,Zara Kids'Fashion Yellow
190,191,T-shirt,Gucci Kids'Fashion Black
191,192,Sweater,Zara Kids'Fashion White
192,193,T-shirt,H&M Women'sFashion White
193,194,Sweater,Adidas Women'sFashion White
194,195,Shoes,Zara Kids'Fashion White
195,196,Jeans,Gucci Kids'Fashion Red
196,197,Jeans,Nike Kids'Fashion Yellow
197,198,T-shirt,Zara Men'sFashion Blue
198,199,T-shirt,Zara Women'sFashion Black
199,200,Sweater,H&M Men'sFashion Black
200,201,Jeans,Zara Women'sFashion Yellow
201,202,Sweater,Nike Men'sFashion Green
202,203,Jeans,Zara Women'sFashion Yellow
203,204,T-shirt,Zara Kids'Fashion Black
204,205,T-shirt,H&M Men'sFashion Yellow
205,206,Jeans,Nike Kids'Fashion Yellow
206,207,Sweater,Gucci Kids'Fashion Black
207,208,Jeans,Zara Men'sFashion White
208,209,Dress,H&M Women'sFashion Black
209,210,Jeans,Adidas Women'sFashion Yellow
210,211,Jeans,Zara Women'sFashion Green
211,212,T-shirt,Adidas Women'sFashion White
212,213,Jeans,Zara Women'sFashion Yellow
213,214,Dress,Adidas Women'sFashion Yellow
214,215,T-shirt,Adidas Men'sFashion Yellow
215,216,Shoes,Gucci Kids'Fashion White
216,217,Sweater,Gucci Women'sFashion Yellow
217,218,Sweater,Gucci Men'sFashion Red
218,219,Dress,H&M Women'sFashion Green
219,220,T-shirt,H&M Kids'Fashion Blue
220,221,T-shirt,Adidas Men'sFashion Black
221,222,Dress,Adidas Kids'Fashion Yellow
222,223,Jeans,Gucci Women'sFashion White
223,224,T-shirt,Adidas Women'sFashion White
224,225,Dress,Nike Men'sFashion Yellow
225,226,Sweater,H&M Men'sFashion Green
226,227,Dress,Adidas Kids'Fashion Red
227,228,Shoes,H&M Men'sFashion Green
228,229,Shoes,Adidas Kids'Fashion Red
229,230,Shoes,Zara Men'sFashion Black
230,231,Dress,Zara Women'sFashion Red
231,232,Jeans,Zara Men'sFashion Red
232,233,Shoes,Nike Kids'Fashion Red
233,234,Sweater,H&M Kids'Fashion White
234,235,Shoes,Zara Women'sFashion Green
235,236,Shoes,Zara Men'sFashion White
236,237,Shoes,Adidas Men'sFashion White
237,238,Shoes,Adidas Kids'Fashion White
238,239,Shoes,Gucci Kids'Fashion White
239,240,Dress,H&M Men'sFashion Black
240,241,Jeans,Gucci Men'sFashion Green
241,242,Dress,H&M Men'sFashion Green
242,243,Shoes,H&M Men'sFashion White
243,244,Sweater,Zara Women'sFashion Blue
244,245,Dress,H&M Women'sFashion Black
245,246,Jeans,Gucci Kids'Fashion Green
246,247,Shoes,Zara Women'sFashion White
247,248,Sweater,Zara Kids'Fashion Red
248,249,Jeans,H&M Kids'Fashion Black
249,250,Dress,H&M Women'sFashion Yellow
250,251,Jeans,Gucci Kids'Fashion White
251,252,Dress,H&M Men'sFashion Blue
252,253,T-shirt,Zara Kids'Fashion White
253,254,Jeans,Gucci Kids'Fashion Yellow
254,255,T-shirt,H&M Kids'Fashion Green
255,256,Jeans,Gucci Kids'Fashion Blue
256,257,Shoes,Nike Women'sFashion Red
257,258,Dress,Gucci Women'sFashion Yellow
258,259,Shoes,Nike Men'sFashion White
259,260,Dress,Adidas Kids'Fashion Green
260,261,Dress,Zara Men'sFashion Yellow
261,262,Jeans,Gucci Women'sFashion Blue
262,263,Jeans,Zara Men'sFashion Yellow
263,264,Dress,Gucci Women'sFashion White
264,265,T-shirt,H&M Kids'Fashion Blue
265,266,Jeans,Gucci Kids'Fashion White
266,267,Jeans,Adidas Women'sFashion Black
267,268,Jeans,Adidas Kids'Fashion Yellow
268,269,Shoes,H&M Kids'Fashion Black
269,270,Sweater,Adidas Kids'Fashion Blue
270,271,Jeans,Nike Men'sFashion Blue
271,272,Dress,Nike Kids'Fashion White
272,273,Dress,Nike Men'sFashion White
273,274,Dress,Adidas Women'sFashion Red
274,275,Jeans,Nike Men'sFashion Green
275,276,Jeans,Nike Men'sFashion Yellow
276,277,Dress,H&M Kids'Fashion White
277,278,Jeans,Gucci Men'sFashion Black
278,279,Shoes,Adidas Kids'Fashion Yellow
279,280,Dress,Gucci Kids'Fashion White
280,281,Jeans,H&M Women'sFashion Green
281,282,Jeans,Nike Men'sFashion Black
282,283,Sweater,H&M Men'sFashion White
283,284,T-shirt,Zara Men'sFashion Black
284,285,Sweater,Nike Women'sFashion Yellow
285,286,T-shirt,H&M Kids'Fashion White
286,287,T-shirt,Zara Kids'Fashion Blue
287,288,Sweater,Nike Men'sFashion Black
288,289,Sweater,Adidas Kids'Fashion Blue
289,290,Sweater,Zara Men'sFashion White
290,291,Dress,H&M Women'sFashion White
291,292,T-shirt,Nike Men'sFashion Green
292,293,Sweater,Nike Men'sFashion Black
293,294,Dress,H&M Women'sFashion White
294,295,Dress,H&M Kids'Fashion Black
295,296,T-shirt,H&M Women'sFashion White
296,297,Sweater,Gucci Kids'Fashion Blue
297,298,Shoes,Zara Women'sFashion Red
298,299,Shoes,Gucci Kids'Fashion Green
299,300,Shoes,Adidas Kids'Fashion White
300,301,Shoes,Adidas Kids'Fashion Yellow
301,302,T-shirt,Gucci Kids'Fashion White
302,303,Jeans,Gucci Women'sFashion White
303,304,Dress,Adidas Women'sFashion Green
304,305,Shoes,H&M Women'sFashion White
305,306,T-shirt,Gucci Men'sFashion Black
306,307,Dress,Zara Men'sFashion Yellow
307,308,Jeans,Adidas Men'sFashion Yellow
308,309,Jeans,Gucci Kids'Fashion Black
309,310,Jeans,H&M Men'sFashion White
310,311,Jeans,Nike Men'sFashion Black
311,312,Jeans,Zara Men'sFashion White
312,313,Shoes,H&M Women'sFashion Green
313,314,Jeans,Nike Kids'Fashion Red
314,315,Jeans,Nike Kids'Fashion White
315,316,Jeans,H&M Women'sFashion Red
316,317,Dress,Adidas Women'sFashion Red
317,318,Sweater,Zara Men'sFashion Yellow
318,319,Jeans,H&M Men'sFashion White
319,320,Sweater,H&M Kids'Fashion Yellow
320,321,Shoes,Gucci Kids'Fashion Red
321,322,Shoes,H&M Kids'Fashion Red
322,323,Shoes,Zara Women'sFashion Green
323,324,Sweater,Gucci Men'sFashion Black
324,325,T-shirt,Nike Men'sFashion Black
325,326,Jeans,Zara Men'sFashion Green
326,327,Dress,Adidas Kids'Fashion White
327,328,Jeans,Adidas Kids'Fashion Blue
328,329,Jeans,Nike Women'sFashion Blue
329,330,T-shirt,Zara Men'sFashion Blue
330,331,T-shirt,Adidas Kids'Fashion Black
331,332,Shoes,Zara Men'sFashion Blue
332,333,Dress,H&M Kids'Fashion Yellow
333,334,Sweater,Zara Men'sFashion Yellow
334,335,Sweater,Gucci Men'sFashion Red
335,336,T-shirt,Nike Kids'Fashion White
336,337,Shoes,Nike Women'sFashion White
337,338,Sweater,Nike Women'sFashion Blue
338,339,Dress,Gucci Women'sFashion White
339,340,Sweater,Adidas Women'sFashion Blue
340,341,Jeans,Gucci Men'sFashion Red
341,342,Sweater,Zara Women'sFashion Yellow
342,343,T-shirt,Gucci Women'sFashion Yellow
343,344,Dress,Nike Kids'Fashion Blue
344,345,Shoes,H&M Kids'Fashion Yellow
345,346,Jeans,Adidas Kids'Fashion Yellow
346,347,Dress,H&M Men'sFashion Blue
347,348,Shoes,Zara Kids'Fashion Blue
348,349,Dress,Adidas Kids'Fashion White
349,350,Jeans,H&M Kids'Fashion Black
350,351,Jeans,Nike Women'sFashion Red
351,352,Dress,H&M Men'sFashion Green
352,353,Sweater,Nike Women'sFashion Blue
353,354,Dress,Gucci Men'sFashion Red
354,355,Sweater,Nike Kids'Fashion Red
355,356,Dress,Zara Kids'Fashion Black
356,357,T-shirt,Adidas Kids'Fashion Yellow
357,358,Shoes,Adidas Men'sFashion Blue
358,359,Dress,Nike Kids'Fashion Red
359,360,Sweater,H&M Women'sFashion Black
360,361,Sweater,H&M Kids'Fashion Blue
361,362,Jeans,Adidas Men'sFashion Red
362,363,Jeans,Nike Kids'Fashion Yellow
363,364,Jeans,Nike Kids'Fashion Black
364,365,T-shirt,Nike Men'sFashion White
365,366,Dress,Nike Women'sFashion Yellow
366,367,Shoes,Nike Women'sFashion Yellow
367,368,Shoes,Nike Women'sFashion Blue
368,369,Shoes,Nike Women'sFashion Green
369,370,T-shirt,Nike Kids'Fashion White
370,371,Dress,Nike Women'sFashion White
371,372,Dress,Nike Men'sFashion White
372,373,T-shirt,Adidas Men'sFashion Green
373,374,Jeans,Nike Men'sFashion Black
374,375,Jeans,Zara Women'sFashion Blue
375,376,Shoes,H&M Kids'Fashion Green
376,377,Shoes,Zara Women'sFashion Black
377,378,T-shirt,Nike Men'sFashion Red
378,379,Jeans,Nike Women'sFashion White
379,380,Dress,Gucci Women'sFashion Red
380,381,Shoes,H&M Men'sFashion Green
381,382,T-shirt,Gucci Men'sFashion Yellow
382,383,Jeans,H&M Men'sFashion Black
383,384,Sweater,H&M Kids'Fashion Black
384,385,Shoes,Gucci Women'sFashion Yellow
385,386,Dress,Adidas Women'sFashion Yellow
386,387,Dress,Adidas Women'sFashion Green
387,388,T-shirt,H&M Men'sFashion Green
388,389,T-shirt,Zara Women'sFashion White
389,390,Sweater,Adidas Women'sFashion Green
390,391,Dress,Gucci Women'sFashion Blue
391,392,T-shirt,Zara Men'sFashion White
392,393,Shoes,H&M Men'sFashion Black
393,394,T-shirt,Gucci Men'sFashion Yellow
394,395,Shoes,Nike Women'sFashion Yellow
395,396,Shoes,Zara Men'sFashion Blue
396,397,Shoes,Zara Kids'Fashion White
397,398,T-shirt,H&M Men'sFashion White
398,399,Dress,Adidas Men'sFashion Yellow
399,400,Jeans,H&M Women'sFashion Green
400,401,Jeans,Gucci Women'sFashion Green
401,402,Shoes,H&M Women'sFashion Yellow
402,403,Shoes,Adidas Men'sFashion Red
403,404,Shoes,Adidas Men'sFashion Green
404,405,Jeans,Adidas Women'sFashion Blue
405,406,Shoes,Nike Men'sFashion Black
406,407,Shoes,Nike Women'sFashion White
407,408,Sweater,H&M Men'sFashion White
408,409,Shoes,Nike Kids'Fashion Red
409,410,Jeans,H&M Kids'Fashion Green
410,411,Sweater,Nike Men'sFashion Red
411,412,Shoes,Nike Kids'Fashion Black
412,413,Jeans,Zara Women'sFashion Green
413,414,Dress,Zara Kids'Fashion Black
414,415,Jeans,H&M Kids'Fashion Yellow
415,416,Sweater,H&M Women'sFashion Blue
416,417,Shoes,H&M Women'sFashion Red
417,418,Jeans,Zara Men'sFashion Blue
418,419,T-shirt,H&M Kids'Fashion Yellow
419,420,Jeans,Adidas Men'sFashion White
420,421,T-shirt,Nike Kids'Fashion White
421,422,Dress,Nike Kids'Fashion Blue
422,423,Jeans,Adidas Men'sFashion Black
423,424,Shoes,Adidas Women'sFashion Yellow
424,425,Jeans,Nike Men'sFashion Blue
425,426,Jeans,Zara Men'sFashion Black
426,427,T-shirt,Zara Kids'Fashion Yellow
427,428,T-shirt,Gucci Kids'Fashion Green
428,429,Shoes,Gucci Women'sFashion Black
429,430,T-shirt,Nike Kids'Fashion Black
430,431,Jeans,H&M Kids'Fashion Green
431,432,Jeans,H&M Kids'Fashion Blue
432,433,Jeans,H&M Men'sFashion Yellow
433,434,T-shirt,Zara Kids'Fashion Yellow
434,435,T-shirt,Adidas Men'sFashion Blue
435,436,T-shirt,Zara Kids'Fashion Black
436,437,Shoes,Gucci Men'sFashion Green
437,438,T-shirt,Adidas Kids'Fashion Yellow
438,439,Jeans,Zara Men'sFashion White
439,440,Dress,Zara Women'sFashion White
440,441,Sweater,Adidas Men'sFashion Black
441,442,T-shirt,H&M Men'sFashion Red
442,443,Sweater,Gucci Men'sFashion White
443,444,Dress,Nike Men'sFashion White
444,445,Sweater,H&M Kids'Fashion Yellow
445,446,Shoes,Adidas Kids'Fashion Black
446,447,Shoes,H&M Kids'Fashion Yellow
447,448,Shoes,Gucci Kids'Fashion Green
448,449,Shoes,H&M Men'sFashion Black
449,450,Shoes,Nike Kids'Fashion Black
450,451,T-shirt,Adidas Kids'Fashion Green
451,452,Jeans,H&M Kids'Fashion Green
452,453,Shoes,Nike Men'sFashion Red
453,454,Shoes,Zara Kids'Fashion White
454,455,T-shirt,Gucci Women'sFashion Blue
455,456,Shoes,Gucci Men'sFashion Blue
456,457,Jeans,Gucci Women'sFashion Green
457,458,T-shirt,Gucci Kids'Fashion Black
458,459,Dress,Adidas Kids'Fashion Black
459,460,Jeans,H&M Kids'Fashion Black
460,461,Shoes,Zara Kids'Fashion Red
461,462,Dress,Zara Women'sFashion Yellow
462,463,Dress,Adidas Men'sFashion Blue
463,464,Shoes,Zara Men'sFashion Green
464,465,T-shirt,Gucci Women'sFashion White
465,466,Sweater,H&M Men'sFashion Black
466,467,Jeans,Adidas Women'sFashion Red
467,468,Dress,Zara Women'sFashion White
468,469,Dress,Nike Women'sFashion Yellow
469,470,T-shirt,Adidas Kids'Fashion Blue
470,471,T-shirt,Nike Women'sFashion Black
471,472,Jeans,Adidas Women'sFashion Green
472,473,Dress,Nike Women'sFashion Red
473,474,Dress,H&M Kids'Fashion Yellow
474,475,Sweater,H&M Men'sFashion Yellow
475,476,Shoes,H&M Women'sFashion White
476,477,Sweater,Nike Men'sFashion Black
477,478,T-shirt,H&M Women'sFashion Green
478,479,Sweater,Nike Men'sFashion Green
479,480,Dress,Nike Men'sFashion Blue
480,481,Jeans,Zara Women'sFashion Blue
481,482,Dress,Gucci Women'sFashion Yellow
482,483,T-shirt,Zara Women'sFashion Black
483,484,Sweater,Gucci Men'sFashion Red
484,485,Dress,H&M Women'sFashion Black
485,486,Jeans,Adidas Women'sFashion Yellow
486,487,T-shirt,Adidas Women'sFashion Blue
487,488,Sweater,H&M Men'sFashion Yellow
488,489,Dress,Adidas Men'sFashion Black
489,490,T-shirt,Nike Men'sFashion Green
490,491,Dress,Zara Kids'Fashion Black
491,492,Sweater,Zara Kids'Fashion Blue
492,493,Shoes,H&M Kids'Fashion White
493,494,Sweater,Zara Kids'Fashion Green
494,495,Jeans,Nike Women'sFashion Blue
495,496,T-shirt,Adidas Kids'Fashion Green
496,497,Jeans,Gucci Women'sFashion Yellow
497,498,Dress,Zara Men'sFashion Yellow
498,499,Dress,Adidas Kids'Fashion White
499,500,Shoes,Zara Women'sFashion Red
500,501,Sweater,Adidas Kids'Fashion Green
501,502,Dress,Zara Kids'Fashion Blue
502,503,Sweater,Adidas Kids'Fashion White
503,504,Sweater,Zara Men'sFashion Black
504,505,Dress,Zara Women'sFashion Black
505,506,Shoes,Nike Women'sFashion Blue
506,507,T-shirt,Zara Women'sFashion White
507,508,Dress,Gucci Men'sFashion Blue
508,509,Dress,Gucci Men'sFashion Blue
509,510,Shoes,Nike Men'sFashion Green
510,511,Jeans,H&M Kids'Fashion Black
511,512,Shoes,Nike Men'sFashion Blue
512,513,Jeans,Zara Men'sFashion Green
513,514,Dress,Adidas Kids'Fashion White
514,515,Dress,Nike Kids'Fashion White
515,516,Shoes,Gucci Women'sFashion Red
516,517,T-shirt,Gucci Men'sFashion Blue
517,518,Sweater,Gucci Men'sFashion Yellow
518,519,Sweater,Adidas Women'sFashion Blue
519,520,Dress,Zara Men'sFashion Red
520,521,T-shirt,Adidas Men'sFashion White
521,522,Sweater,Adidas Men'sFashion Yellow
522,523,Sweater,Gucci Women'sFashion Black
523,524,T-shirt,Nike Kids'Fashion Black
524,525,T-shirt,Adidas Kids'Fashion Blue
525,526,Jeans,Zara Women'sFashion Red
526,527,T-shirt,Nike Kids'Fashion Yellow
527,528,Shoes,Zara Men'sFashion Black
528,529,Shoes,Gucci Women'sFashion White
529,530,Shoes,Adidas Kids'Fashion Black
530,531,Dress,H&M Women'sFashion Green
531,532,Shoes,Zara Men'sFashion Blue
532,533,Shoes,Nike Kids'Fashion Green
533,534,Dress,Adidas Kids'Fashion Yellow
534,535,Jeans,Nike Women'sFashion Red
535,536,Dress,H&M Kids'Fashion Yellow
536,537,Jeans,Nike Men'sFashion Red
537,538,Dress,Nike Men'sFashion Blue
538,539,T-shirt,Nike Kids'Fashion Blue
539,540,Jeans,H&M Kids'Fashion Yellow
540,541,Jeans,Nike Women'sFashion Green
541,542,Dress,Adidas Men'sFashion Red
542,543,Jeans,Gucci Men'sFashion Yellow
543,544,T-shirt,Nike Women'sFashion Red
544,545,Shoes,Zara Men'sFashion Red
545,546,Shoes,Zara Women'sFashion Red
546,547,Sweater,H&M Kids'Fashion Yellow
547,548,Sweater,Zara Kids'Fashion Red
548,549,Dress,Zara Women'sFashion Blue
549,550,T-shirt,Nike Men'sFashion Yellow
550,551,Jeans,H&M Women'sFashion Blue
551,552,Sweater,Adidas Kids'Fashion Blue
552,553,Shoes,Adidas Men'sFashion Green
553,554,Sweater,Adidas Men'sFashion Blue
554,555,T-shirt,Adidas Women'sFashion Blue
555,556,T-shirt,H&M Women'sFashion Red
556,557,Shoes,Adidas Women'sFashion Black
557,558,Jeans,Adidas Women'sFashion Red
558,559,Shoes,Gucci Women'sFashion Red
559,560,Dress,Adidas Women'sFashion Red
560,561,Shoes,Zara Men'sFashion Yellow
561,562,T-shirt,Zara Kids'Fashion Green
562,563,Shoes,Adidas Men'sFashion Blue
563,564,Shoes,Adidas Kids'Fashion Blue
564,565,Sweater,Nike Kids'Fashion White
565,566,Dress,Gucci Kids'Fashion White
566,567,Dress,Zara Kids'Fashion Black
567,568,Sweater,Gucci Kids'Fashion Red
568,569,Dress,Nike Kids'Fashion Blue
569,570,T-shirt,Adidas Women'sFashion Black
570,571,Jeans,Nike Men'sFashion Red
571,572,Sweater,H&M Men'sFashion Blue
572,573,Shoes,Zara Kids'Fashion White
573,574,Jeans,Gucci Women'sFashion Black
574,575,T-shirt,H&M Kids'Fashion White
575,576,T-shirt,H&M Women'sFashion White
576,577,T-shirt,H&M Women'sFashion White
577,578,Dress,Gucci Women'sFashion Green
578,579,Shoes,Gucci Women'sFashion White
579,580,Shoes,Adidas Men'sFashion Green
580,581,Sweater,Zara Men'sFashion Red
581,582,Dress,Zara Men'sFashion White
582,583,Dress,H&M Kids'Fashion Green
583,584,T-shirt,Gucci Women'sFashion Black
584,585,Jeans,Adidas Women'sFashion Yellow
585,586,Sweater,Nike Kids'Fashion Yellow
586,587,T-shirt,Adidas Women'sFashion Blue
587,588,T-shirt,Gucci Kids'Fashion White
588,589,T-shirt,Adidas Women'sFashion Red
589,590,T-shirt,Nike Kids'Fashion Green
590,591,Jeans,Gucci Women'sFashion White
591,592,Jeans,Nike Kids'Fashion Yellow
592,593,Sweater,H&M Men'sFashion White
593,594,Sweater,Nike Kids'Fashion Yellow
594,595,T-shirt,Gucci Women'sFashion Blue
595,596,Dress,H&M Women'sFashion Black
596,597,Jeans,H&M Men'sFashion Blue
597,598,Shoes,Gucci Women'sFashion Yellow
598,599,T-shirt,H&M Men'sFashion Green
599,600,T-shirt,Adidas Men'sFashion Yellow
600,601,Dress,Adidas Women'sFashion White
601,602,Sweater,Zara Women'sFashion White
602,603,Dress,Zara Kids'Fashion Black
603,604,T-shirt,Gucci Men'sFashion Yellow
604,605,Jeans,Adidas Women'sFashion Red
605,606,Dress,Nike Women'sFashion White
606,607,T-shirt,Nike Women'sFashion Yellow
607,608,T-shirt,H&M Women'sFashion Blue
608,609,Sweater,Adidas Kids'Fashion Red
609,610,Shoes,H&M Women'sFashion Green
610,611,Shoes,Gucci Kids'Fashion White
611,612,Shoes,Zara Men'sFashion Blue
612,613,Jeans,Gucci Women'sFashion Black
613,614,Sweater,Gucci Men'sFashion Green
614,615,T-shirt,Nike Kids'Fashion Red
615,616,Dress,Zara Women'sFashion Red
616,617,Jeans,Adidas Kids'Fashion Black
617,618,Shoes,Gucci Kids'Fashion Green
618,619,T-shirt,Nike Women'sFashion Blue
619,620,Sweater,Nike Kids'Fashion White
620,621,Shoes,H&M Men'sFashion Yellow
621,622,T-shirt,Nike Men'sFashion Red
622,623,Shoes,Adidas Kids'Fashion Green
623,624,T-shirt,Nike Women'sFashion White
624,625,Shoes,Adidas Kids'Fashion Black
625,626,Jeans,Adidas Men'sFashion Yellow
626,627,T-shirt,Adidas Men'sFashion Green
627,628,Sweater,Nike Women'sFashion Red
628,629,Shoes,Gucci Men'sFashion White
629,630,T-shirt,Nike Women'sFashion White
630,631,T-shirt,Zara Kids'Fashion White
631,632,Dress,Zara Kids'Fashion Yellow
632,633,Dress,Nike Women'sFashion Red
633,634,Shoes,Nike Kids'Fashion Yellow
634,635,Jeans,Adidas Women'sFashion Yellow
635,636,Shoes,Gucci Kids'Fashion Yellow
636,637,Shoes,Zara Kids'Fashion Green
637,638,Sweater,Adidas Men'sFashion White
638,639,Shoes,Zara Men'sFashion Blue
639,640,T-shirt,Zara Kids'Fashion Red
640,641,Shoes,Zara Kids'Fashion White
641,642,T-shirt,Gucci Kids'Fashion Black
642,643,T-shirt,Zara Kids'Fashion Black
643,644,Shoes,H&M Kids'Fashion White
644,645,T-shirt,Zara Kids'Fashion Black
645,646,Sweater,Zara Men'sFashion Green
646,647,Shoes,Adidas Women'sFashion Black
647,648,T-shirt,Gucci Men'sFashion White
648,649,T-shirt,Gucci Women'sFashion Red
649,650,Dress,Gucci Women'sFashion Green
650,651,Shoes,Gucci Men'sFashion Yellow
651,652,Jeans,Zara Kids'Fashion Yellow
652,653,Dress,Gucci Kids'Fashion Red
653,654,Shoes,Zara Kids'Fashion Blue
654,655,T-shirt,Zara Men'sFashion Black
655,656,Jeans,Nike Men'sFashion White
656,657,Jeans,Nike Men'sFashion Yellow
657,658,Jeans,Adidas Women'sFashion Green
658,659,Shoes,Zara Women'sFashion White
659,660,Dress,Adidas Kids'Fashion Blue
660,661,Jeans,Gucci Kids'Fashion Blue
661,662,Dress,Nike Women'sFashion Black
662,663,Sweater,Zara Women'sFashion Black
663,664,Shoes,H&M Kids'Fashion White
664,665,T-shirt,H&M Women'sFashion Red
665,666,T-shirt,H&M Women'sFashion Black
666,667,Shoes,Nike Kids'Fashion Blue
667,668,Shoes,Zara Men'sFashion White
668,669,Shoes,Adidas Women'sFashion White
669,670,T-shirt,Gucci Men'sFashion Yellow
670,671,Dress,Adidas Women'sFashion Blue
671,672,Sweater,Zara Kids'Fashion Blue
672,673,T-shirt,Gucci Kids'Fashion Yellow
673,674,Shoes,Adidas Kids'Fashion Green
674,675,Sweater,Nike Kids'Fashion Green
675,676,Shoes,Nike Women'sFashion Black
676,677,Shoes,Gucci Women'sFashion Blue
677,678,Dress,H&M Men'sFashion Black
678,679,Jeans,Adidas Kids'Fashion Yellow
679,680,Dress,Nike Women'sFashion Red
680,681,Shoes,Zara Kids'Fashion Black
681,682,Jeans,Adidas Women'sFashion Blue
682,683,Jeans,Gucci Men'sFashion White
683,684,Dress,Adidas Women'sFashion White
684,685,Jeans,Nike Men'sFashion White
685,686,Jeans,H&M Women'sFashion Green
686,687,Sweater,H&M Kids'Fashion Blue
687,688,Sweater,H&M Kids'Fashion White
688,689,Jeans,H&M Kids'Fashion Black
689,690,Jeans,H&M Kids'Fashion White
690,691,T-shirt,Adidas Kids'Fashion Blue
691,692,Dress,Nike Women'sFashion Red
692,693,Shoes,Nike Men'sFashion Green
693,694,T-shirt,Adidas Kids'Fashion Red
694,695,Dress,Zara Women'sFashion Red
695,696,Sweater,Adidas Men'sFashion Green
696,697,T-shirt,Nike Women'sFashion Green
697,698,Sweater,Zara Men'sFashion White
698,699,T-shirt,Adidas Men'sFashion Green
699,700,Dress,H&M Women'sFashion Yellow
700,701,Jeans,Nike Women'sFashion Blue
701,702,Shoes,Gucci Kids'Fashion Blue
702,703,Shoes,Gucci Men'sFashion Blue
703,704,T-shirt,Adidas Kids'Fashion Green
704,705,Dress,Nike Kids'Fashion Black
705,706,Jeans,Gucci Women'sFashion Green
706,707,Dress,Adidas Women'sFashion Green
707,708,T-shirt,Nike Kids'Fashion Black
708,709,T-shirt,Adidas Men'sFashion White
709,710,Sweater,Zara Men'sFashion Red
710,711,Jeans,Adidas Men'sFashion Red
711,712,Shoes,Gucci Kids'Fashion Green
712,713,Jeans,Gucci Men'sFashion Blue
713,714,Shoes,Zara Men'sFashion White
714,715,Shoes,Nike Women'sFashion Yellow
715,716,Shoes,Adidas Men'sFashion Red
716,717,Sweater,Nike Women'sFashion Yellow
717,718,T-shirt,Zara Women'sFashion White
718,719,Dress,H&M Women'sFashion Blue
719,720,Shoes,Adidas Men'sFashion Black
720,721,Shoes,Zara Kids'Fashion Blue
721,722,Dress,Adidas Women'sFashion Blue
722,723,T-shirt,Nike Men'sFashion White
723,724,Shoes,Adidas Women'sFashion Yellow
724,725,Jeans,Gucci Women'sFashion Black
725,726,T-shirt,Nike Men'sFashion Red
726,727,Jeans,Adidas Women'sFashion White
727,728,Dress,Zara Men'sFashion Yellow
728,729,Sweater,Gucci Kids'Fashion Yellow
729,730,Jeans,Zara Kids'Fashion Green
730,731,Sweater,Adidas Men'sFashion White
731,732,Shoes,Zara Women'sFashion Blue
732,733,Sweater,Adidas Women'sFashion Black
733,734,Dress,Zara Women'sFashion Blue
734,735,Sweater,H&M Men'sFashion Yellow
735,736,T-shirt,Adidas Men'sFashion White
736,737,T-shirt,Adidas Kids'Fashion Blue
737,738,Jeans,H&M Men'sFashion Blue
738,739,Sweater,Gucci Kids'Fashion Red
739,740,Dress,Nike Women'sFashion White
740,741,Shoes,Nike Women'sFashion Blue
741,742,Dress,H&M Men'sFashion Yellow
742,743,Jeans,H&M Women'sFashion Red
743,744,Shoes,Zara Men'sFashion Black
744,745,Sweater,Zara Men'sFashion Blue
745,746,Shoes,Gucci Kids'Fashion Black
746,747,Jeans,Adidas Kids'Fashion White
747,748,Sweater,Zara Kids'Fashion Red
748,749,Shoes,Gucci Women'sFashion Black
749,750,Shoes,Nike Kids'Fashion Red
750,751,Jeans,Gucci Kids'Fashion Blue
751,752,Dress,Gucci Men'sFashion Blue
752,753,Jeans,Zara Kids'Fashion Yellow
753,754,Jeans,Gucci Kids'Fashion Red
754,755,T-shirt,Zara Women'sFashion White
755,756,Jeans,Adidas Men'sFashion Black
756,757,Shoes,Gucci Kids'Fashion Black
757,758,Jeans,Nike Women'sFashion Green
758,759,Shoes,Gucci Kids'Fashion Black
759,760,Jeans,Nike Women'sFashion Green
760,761,Dress,H&M Men'sFashion Black
761,762,Jeans,Nike Kids'Fashion Blue
762,763,T-shirt,Nike Men'sFashion Green
763,764,Dress,H&M Women'sFashion Black
764,765,Sweater,H&M Kids'Fashion Blue
765,766,Jeans,Zara Men'sFashion Green
766,767,Shoes,H&M Men'sFashion Yellow
767,768,Shoes,H&M Women'sFashion White
768,769,Sweater,Zara Men'sFashion White
769,770,T-shirt,H&M Kids'Fashion Yellow
770,771,T-shirt,Zara Men'sFashion Red
771,772,Shoes,Gucci Men'sFashion Black
772,773,Shoes,Nike Women'sFashion Black
773,774,Dress,H&M Men'sFashion White
774,775,Dress,H&M Men'sFashion White
775,776,Dress,Nike Men'sFashion Red
776,777,Jeans,Adidas Kids'Fashion Green
777,778,Dress,Nike Kids'Fashion White
778,779,Jeans,Nike Kids'Fashion Yellow
779,780,T-shirt,Gucci Kids'Fashion Blue
780,781,Sweater,Nike Men'sFashion Green
781,782,T-shirt,Adidas Men'sFashion White
782,783,Jeans,H&M Women'sFashion Red
783,784,Sweater,Zara Men'sFashion White
784,785,T-shirt,H&M Men'sFashion Red
785,786,T-shirt,H&M Kids'Fashion White
786,787,Dress,H&M Women'sFashion Blue
787,788,Jeans,Adidas Kids'Fashion Red
788,789,Jeans,Nike Women'sFashion Yellow
789,790,Shoes,Adidas Men'sFashion Red
790,791,Jeans,Gucci Women'sFashion Green
791,792,Sweater,Adidas Kids'Fashion Yellow
792,793,T-shirt,Zara Kids'Fashion Black
793,794,Jeans,H&M Women'sFashion Black
794,795,Jeans,Gucci Kids'Fashion Black
795,796,Jeans,H&M Women'sFashion Black
796,797,Sweater,H&M Kids'Fashion Red
797,798,Jeans,H&M Kids'Fashion Blue
798,799,Shoes,Adidas Men'sFashion Yellow
799,800,T-shirt,H&M Men'sFashion Red
800,801,Jeans,Zara Men'sFashion Black
801,802,Shoes,Gucci Men'sFashion Green
802,803,Sweater,Nike Men'sFashion Blue
803,804,T-shirt,Zara Kids'Fashion Black
804,805,Dress,H&M Men'sFashion Blue
805,806,Jeans,Zara Women'sFashion Green
806,807,Jeans,Zara Men'sFashion Blue
807,808,T-shirt,Adidas Women'sFashion Yellow
808,809,Jeans,Adidas Men'sFashion White
809,810,Jeans,Zara Kids'Fashion Black
810,811,Jeans,Gucci Kids'Fashion White
811,812,Dress,Nike Women'sFashion Blue
812,813,Sweater,Zara Men'sFashion Blue
813,814,Sweater,Zara Women'sFashion Yellow
814,815,Sweater,Zara Women'sFashion Black
815,816,Jeans,Nike Kids'Fashion Blue
816,817,T-shirt,Adidas Kids'Fashion Black
817,818,Dress,Nike Women'sFashion Blue
818,819,T-shirt,Zara Men'sFashion White
819,820,T-shirt,Nike Women'sFashion White
820,821,Dress,H&M Women'sFashion Blue
821,822,T-shirt,Gucci Kids'Fashion Green
822,823,T-shirt,H&M Kids'Fashion White
823,824,Shoes,Zara Women'sFashion White
824,825,T-shirt,Zara Men'sFashion White
825,826,Shoes,Adidas Women'sFashion Red
826,827,Shoes,Nike Women'sFashion Red
827,828,Sweater,H&M Women'sFashion Green
828,829,Dress,Adidas Men'sFashion Black
829,830,Jeans,Gucci Kids'Fashion Green
830,831,Jeans,Gucci Kids'Fashion Black
831,832,Jeans,Nike Women'sFashion Blue
832,833,Sweater,H&M Kids'Fashion Yellow
833,834,Shoes,H&M Women'sFashion Yellow
834,835,T-shirt,Nike Kids'Fashion Yellow
835,836,Jeans,Gucci Women'sFashion White
836,837,Shoes,Nike Kids'Fashion Black
837,838,Jeans,Zara Men'sFashion Blue
838,839,Dress,Nike Kids'Fashion Blue
839,840,Shoes,Zara Kids'Fashion Red
840,841,Dress,Zara Men'sFashion Blue
841,842,Jeans,Adidas Men'sFashion White
842,843,Shoes,Nike Kids'Fashion Red
843,844,Sweater,Zara Kids'Fashion Blue
844,845,Sweater,Gucci Men'sFashion Green
845,846,T-shirt,Nike Kids'Fashion Yellow
846,847,T-shirt,Gucci Women'sFashion Green
847,848,Shoes,Nike Kids'Fashion White
848,849,Dress,Nike Kids'Fashion Green
849,850,T-shirt,Nike Kids'Fashion Yellow
850,851,Jeans,Nike Men'sFashion Yellow
851,852,Jeans,H&M Kids'Fashion Red
852,853,Dress,H&M Kids'Fashion Green
853,854,T-shirt,Adidas Kids'Fashion Green
854,855,Jeans,H&M Kids'Fashion Red
855,856,Jeans,Gucci Women'sFashion Green
856,857,Dress,H&M Men'sFashion Blue
857,858,T-shirt,Zara Kids'Fashion Yellow
858,859,T-shirt,Adidas Women'sFashion Red
859,860,Dress,Nike Kids'Fashion Blue
860,861,Shoes,Gucci Men'sFashion White
861,862,Sweater,Adidas Kids'Fashion Blue
862,863,Shoes,Gucci Men'sFashion Red
863,864,Sweater,Nike Men'sFashion Yellow
864,865,Jeans,Gucci Women'sFashion Yellow
865,866,Shoes,H&M Men'sFashion White
866,867,Jeans,Nike Men'sFashion Black
867,868,Sweater,Gucci Kids'Fashion Red
868,869,Jeans,Zara Men'sFashion Black
869,870,Jeans,Nike Kids'Fashion Yellow
870,871,Shoes,H&M Men'sFashion White
871,872,Jeans,H&M Women'sFashion Black
872,873,T-shirt,Gucci Kids'Fashion Red
873,874,Dress,Gucci Kids'Fashion Yellow
874,875,Jeans,Adidas Kids'Fashion Black
875,876,Dress,Nike Kids'Fashion Green
876,877,Sweater,Zara Women'sFashion Red
877,878,Sweater,Nike Women'sFashion Yellow
878,879,T-shirt,Nike Kids'Fashion Red
879,880,Sweater,Zara Kids'Fashion White
880,881,Shoes,H&M Men'sFashion Red
881,882,Sweater,Gucci Women'sFashion Yellow
882,883,Shoes,Nike Kids'Fashion Yellow
883,884,Dress,Zara Men'sFashion Green
884,885,T-shirt,Zara Kids'Fashion White
885,886,Dress,Gucci Men'sFashion Blue
886,887,Sweater,Adidas Men'sFashion Blue
887,888,Sweater,Gucci Kids'Fashion Blue
888,889,Shoes,Adidas Kids'Fashion Yellow
889,890,T-shirt,H&M Men'sFashion Black
890,891,Dress,H&M Women'sFashion White
891,892,T-shirt,Adidas Women'sFashion Blue
892,893,Shoes,H&M Kids'Fashion Red
893,894,Shoes,Adidas Men'sFashion Black
894,895,Jeans,Gucci Women'sFashion Yellow
895,896,Jeans,Gucci Men'sFashion Black
896,897,Jeans,H&M Women'sFashion White
897,898,Dress,Nike Women'sFashion Green
898,899,Shoes,Gucci Men'sFashion Red
899,900,T-shirt,Nike Men'sFashion Blue
900,901,Jeans,Zara Men'sFashion Red
901,902,Shoes,Gucci Women'sFashion Black
902,903,Sweater,Nike Women'sFashion Yellow
903,904,Sweater,Zara Women'sFashion Yellow
904,905,Jeans,Nike Women'sFashion Red
905,906,Shoes,Nike Kids'Fashion Yellow
906,907,T-shirt,Adidas Men'sFashion Yellow
907,908,Shoes,Zara Kids'Fashion White
908,909,Jeans,Nike Women'sFashion Green
909,910,Sweater,Adidas Kids'Fashion Green
910,911,Jeans,Nike Kids'Fashion White
911,912,Dress,Adidas Men'sFashion Blue
912,913,Shoes,Gucci Kids'Fashion Black
913,914,T-shirt,H&M Kids'Fashion Red
914,915,Shoes,Adidas Kids'Fashion White
915,916,Sweater,Nike Men'sFashion Black
916,917,Jeans,Zara Men'sFashion Red
917,918,Shoes,H&M Kids'Fashion Red
918,919,Shoes,Adidas Women'sFashion Red
919,920,T-shirt,Gucci Women'sFashion Red
920,921,Jeans,Gucci Men'sFashion Green
921,922,Jeans,Gucci Men'sFashion Green
922,923,Sweater,Zara Men'sFashion White
923,924,Sweater,Nike Men'sFashion Black
924,925,Sweater,H&M Women'sFashion Blue
925,926,Dress,Zara Women'sFashion Blue
926,927,T-shirt,Adidas Men'sFashion White
927,928,Sweater,Adidas Kids'Fashion Black
928,929,Shoes,Gucci Kids'Fashion Blue
929,930,T-shirt,Adidas Women'sFashion White
930,931,Dress,Zara Kids'Fashion Blue
931,932,Jeans,H&M Kids'Fashion Yellow
932,933,Sweater,Adidas Kids'Fashion Blue
933,934,T-shirt,Nike Women'sFashion Green
934,935,Sweater,Adidas Men'sFashion Black
935,936,Sweater,Gucci Men'sFashion White
936,937,T-shirt,Gucci Men'sFashion Red
937,938,T-shirt,Gucci Kids'Fashion Blue
938,939,Jeans,H&M Men'sFashion White
939,940,T-shirt,Gucci Kids'Fashion White
940,941,Jeans,Zara Men'sFashion White
941,942,Shoes,Adidas Men'sFashion Green
942,943,Jeans,Gucci Kids'Fashion Blue
943,944,Sweater,H&M Kids'Fashion Black
944,945,Jeans,Gucci Kids'Fashion Red
945,946,Sweater,H&M Women'sFashion Red
946,947,T-shirt,Zara Kids'Fashion White
947,948,Sweater,Gucci Women'sFashion Yellow
948,949,T-shirt,Zara Kids'Fashion Green
949,950,T-shirt,Zara Men'sFashion Green
950,951,Sweater,Nike Kids'Fashion Black
951,952,Dress,Zara Women'sFashion Black
952,953,Jeans,Nike Kids'Fashion Blue
953,954,T-shirt,Gucci Women'sFashion Green
954,955,Jeans,Nike Kids'Fashion White
955,956,Sweater,H&M Men'sFashion Black
956,957,Jeans,Nike Men'sFashion White
957,958,Shoes,Adidas Men'sFashion Green
958,959,Sweater,H&M Kids'Fashion Yellow
959,960,Jeans,Gucci Men'sFashion Red
960,961,Jeans,Nike Women'sFashion White
961,962,Shoes,Adidas Women'sFashion Green
962,963,Shoes,H&M Men'sFashion Black
963,964,Dress,Nike Women'sFashion White
964,965,Sweater,Nike Men'sFashion Yellow
965,966,Jeans,Gucci Kids'Fashion Black
966,967,Shoes,Gucci Kids'Fashion Blue
967,968,Sweater,Gucci Kids'Fashion Black
968,969,T-shirt,Gucci Kids'Fashion Red
969,970,Sweater,H&M Kids'Fashion White
970,971,Shoes,H&M Men'sFashion Green
971,972,Jeans,Gucci Men'sFashion White
972,973,Jeans,H&M Kids'Fashion Red
973,974,Shoes,Gucci Kids'Fashion Black
974,975,Dress,Zara Men'sFashion Black
975,976,Dress,Nike Kids'Fashion White
976,977,T-shirt,Nike Men'sFashion Red
977,978,T-shirt,Zara Men'sFashion Black
978,979,T-shirt,Nike Men'sFashion Blue
979,980,T-shirt,H&M Kids'Fashion Blue
980,981,Shoes,Nike Women'sFashion White
981,982,Jeans,Nike Kids'Fashion Green
982,983,Dress,Zara Men'sFashion Red
983,984,Dress,Gucci Men'sFashion Green
984,985,T-shirt,H&M Women'sFashion Green
985,986,Shoes,Gucci Men'sFashion Blue
986,987,Shoes,H&M Women'sFashion Red
987,988,T-shirt,H&M Men'sFashion Blue
988,989,T-shirt,Adidas Men'sFashion Black
989,990,T-shirt,Gucci Men'sFashion Yellow
990,991,Shoes,Nike Kids'Fashion Red
991,992,T-shirt,Gucci Women'sFashion Black
992,993,Shoes,H&M Women'sFashion Yellow
993,994,Sweater,H&M Men'sFashion Green
994,995,Sweater,Adidas Kids'Fashion Red
995,996,Shoes,Zara Women'sFashion Black
996,997,Sweater,Nike Kids'Fashion Green
997,998,Sweater,Zara Men'sFashion White
998,999,T-shirt,Zara Women'sFashion Blue
999,1000,Shoes,Adidas Women'sFashion White
